item_id,rate_times,avg_rate
50,583,4.3584905660377355
98,390,4.289743589743586
127,413,4.283292978208236
174,420,4.252380952380954
172,367,4.204359673024526
100,508,4.15551181102362
56,394,4.060913705583754
181,507,4.0078895463510875
1,452,3.8783185840707963
204,350,3.834285714285714
